name,Visitor Center,lat,long,established
Acadia,Hulls Cove Visitor Center,44.4089754,-68.2494676,2/26/1919
Arches,Arches National Park Visitor Center & Park Headquarters,38.6165997,-109.6220165,4/12/1929
Badlands,Ren Reifel Visitor Center,43.749017,-101.9439285,11/10/1978
Big Bend,Panther Junction,29.3278552,-103.2081089,6/12/1944
Biscayne,Dante Fascell Visitor Center,25.4644012,-80.3369896,6/28/1980
Black Canyon of the Gunnison,Visitor Center,38.539933, -107.697036,10/21/1999
Bryce Canyon,Bryce Canyon National Park Visitor Center,37.6403604,-112.1717731,2/25/1928
Canyonlands,Island in the Sky Visitor Center,38.4597959,-109.82315,9/12/1964
Capitol Reef,Capitol Reef National Park Visitor Center,38.291451,-111.2642238,12/18/1971
Carlsbad Caverns,Carlsbad Caverns Trading Company,32.1815841,-104.3894974,5/14/1930
Congaree,Harry Hampton Visitor Center,33.8296149,-80.8256033,11/10/2003
Crater Lake,Steel Visitor Center,42.8905303,-122.1313234,5/22/1902
Cuyahoga Valley,Boston Store Visitor Center,41.2629442,-81.5609209,10/11/2000
Death Valley,Furnace Creek Visitor Center,36.4620033,-116.8672532,10/31/1994
Everglades,Flamingo Visitor Center,25.1412314,-80.9261281,5/30/1934
Glacier,Apgar Visitor Center,48.5230747,-113.9907342,5/11/1910
Grand Canyon,Grand Canyon Visitor Center,36.0591456,-112.1114874,2/26/1919
Grand Teton,Craig Thomas Discovery and Visitor Center,43.6534062,-110.7207464,2/26/1929
Great Basin,Lehman Caves Visitor Center,39.005592,-114.2220823,10/27/1986
Great Sand Dunes,Great Sand Dunes Visitor Center,37.7329996,-105.5146918,9/13/2004
Great Smoky Mountains,Sugarlands Visitor Center,35.6857889,-83.537115,6/15/1934
Guadalupe Mountains,Headquarters Visitor Center Trailhead,31.8389403,-105.0780704,10/15/1966
Hot Springs,Hot Springs National Park Visitor Center,34.5137162,-93.0556488,3/4/1921
Joshua Tree,Cottonwood Center,33.741885,-115.9926162,10/31/1994
Kings Canyon,Kings Canyon Visitor Center,36.7656332,-118.8872957,3/4/1940
Lassen Volcanic,Kohm Yah-mah-nee Visitor Center,40.4377761,-121.5359594,8/9/1916
Mammoth Cave,Mammoth Cave Visitor Center,37.1869883,-86.1034589,7/1/1941
Mesa Verde,Mesa Verde Visitor and Researc Center,37.2666383,-108.5605688,6/29/1906
Mount Rainier,Henry M. Jackson Visitor Center,46.7859115,-121.7389231,3/2/1899
North Cascades,North Cascades Visitor Center,48.666307,-121.2689359,10/2/1968
Olympic,Olympic National Park Visitor Center,48.0993235,-123.4278526,6/29/1938
Petrified Forest,Painted Desert Visitor Center,35.0655892,-109.7838438,12/9/1962
Pinnacles,West Pinnacles Visitor Contact Station,36.4877372,-121.150753,1/10/2013
Redwood,Thomas H. Kuchel Visitor Center,41.2500664,-124.0828307,10/2/1968
Rocky Mountain,Beaver Meadows,40.3412451,-105.6735829,1/26/1915
Saguaro,Saguaro NATIONAL PARK Visitor Center,32.2755951,-111.1994303,10/14/1994
Sequoia,Lodgepole Visitor Center,36.6042577,-118.7341591,9/25/1890
Shenandoah,"Harry F. Byrd, Sr. Visitor Center",38.5224504,-78.421219,5/22/1926
Theodore Roosevelt,Painted Canyon Visitor Center,46.8951904,-103.3814205,11/10/1978
Voyageurs,Lake Kabetogaama Visitor Center,48.4449846,-93.0322373,1/8/1971
Wind Cave,Wind Cave Visitor Center,43.5565522,-103.480500,1/9/1903
Yellowstone,Old Faithful,44.4604826,-110.8303263,3/1/1872
Yosemite,Yosemite Valley Visitor Center,37.7499575,-119.5908727,10/1/1890
Zion,Zion Canyon,37.1979913,-112.9943185,11/19/1919
